Oord,Sord,AxLab,FarSource,SID,ExperimentName,Phase,Subject,Pic,Trial,Question,Rating,FaceDist
12131,H,SP-C,C,SP-C_C1,SP-C_Ctrl_Final1,Rating,1,Adam.bmp,NA,Know,50,Close
12132,H,SP-C,C,SP-C_C1,SP-C_Ctrl_Final1,Rating,1,Mark.bmp,NA,Know,54,Far
12151,H,SP-C,C,SP-C_C1,SP-C_Ctrl_Final1,Rating,1,Adam.bmp,NA,Acc,50,Close
12152,H,SP-C,C,SP-C_C1,SP-C_Ctrl_Final1,Rating,1,Mark.bmp,NA,Acc,50,Far
12171,H,SP-C,C,SP-C_C1,SP-C_Ctrl_Final1,Rating,1,Adam.bmp,NA,Trust,26,Close
12172,H,SP-C,C,SP-C_C1,SP-C_Ctrl_Final1,Rating,1,Mark.bmp,NA,Trust,28,Far
12191,H,SP-C,C,SP-C_C1,SP-C_Ctrl_Final1,Rating,1,Adam.bmp,NA,Attract,64,Close
12192,H,SP-C,C,SP-C_C1,SP-C_Ctrl_Final1,Rating,1,Mark.bmp,NA,Attract,14,Far
12149,H,SP-C,C,SP-C_C10,SP-C_Ctrl_Final1,Rating,10,Adam.bmp,NA,Know,39,Far
12150,H,SP-C,C,SP-C_C10,SP-C_Ctrl_Final1,Rating,10,Mark.bmp,NA,Know,45,Close
12169,H,SP-C,C,SP-C_C10,SP-C_Ctrl_Final1,Rating,10,Adam.bmp,NA,Acc,59,Far
12170,H,SP-C,C,SP-C_C10,SP-C_Ctrl_Final1,Rating,10,Mark.bmp,NA,Acc,59,Close
12189,H,SP-C,C,SP-C_C10,SP-C_Ctrl_Final1,Rating,10,Adam.bmp,NA,Trust,42,Far
12190,H,SP-C,C,SP-C_C10,SP-C_Ctrl_Final1,Rating,10,Mark.bmp,NA,Trust,53,Close
12209,H,SP-C,C,SP-C_C10,SP-C_Ctrl_Final1,Rating,10,Adam.bmp,NA,Attract,35,Far
12210,H,SP-C,C,SP-C_C10,SP-C_Ctrl_Final1,Rating,10,Mark.bmp,NA,Attract,45,Close
12133,H,SP-C,C,SP-C_C2,SP-C_Ctrl_Final1,Rating,2,Adam.bmp,NA,Know,11,Far
12134,H,SP-C,C,SP-C_C2,SP-C_Ctrl_Final1,Rating,2,Mark.bmp,NA,Know,20,Close
12153,H,SP-C,C,SP-C_C2,SP-C_Ctrl_Final1,Rating,2,Adam.bmp,NA,Acc,17,Far
12154,H,SP-C,C,SP-C_C2,SP-C_Ctrl_Final1,Rating,2,Mark.bmp,NA,Acc,13,Close
12173,H,SP-C,C,SP-C_C2,SP-C_Ctrl_Final1,Rating,2,Adam.bmp,NA,Trust,19,Far
12174,H,SP-C,C,SP-C_C2,SP-C_Ctrl_Final1,Rating,2,Mark.bmp,NA,Trust,10,Close
12193,H,SP-C,C,SP-C_C2,SP-C_Ctrl_Final1,Rating,2,Adam.bmp,NA,Attract,29,Far
12194,H,SP-C,C,SP-C_C2,SP-C_Ctrl_Final1,Rating,2,Mark.bmp,NA,Attract,36,Close
12135,H,SP-C,C,SP-C_C3,SP-C_Ctrl_Final1,Rating,3,Adam.bmp,NA,Know,81,Close
12136,H,SP-C,C,SP-C_C3,SP-C_Ctrl_Final1,Rating,3,Mark.bmp,NA,Know,43,Far
12155,H,SP-C,C,SP-C_C3,SP-C_Ctrl_Final1,Rating,3,Adam.bmp,NA,Acc,76,Close
12156,H,SP-C,C,SP-C_C3,SP-C_Ctrl_Final1,Rating,3,Mark.bmp,NA,Acc,14,Far
12175,H,SP-C,C,SP-C_C3,SP-C_Ctrl_Final1,Rating,3,Adam.bmp,NA,Trust,80,Close
12176,H,SP-C,C,SP-C_C3,SP-C_Ctrl_Final1,Rating,3,Mark.bmp,NA,Trust,46,Far
12195,H,SP-C,C,SP-C_C3,SP-C_Ctrl_Final1,Rating,3,Adam.bmp,NA,Attract,72,Close
12196,H,SP-C,C,SP-C_C3,SP-C_Ctrl_Final1,Rating,3,Mark.bmp,NA,Attract,14,Far
12137,H,SP-C,C,SP-C_C4,SP-C_Ctrl_Final1,Rating,4,Adam.bmp,NA,Know,38,Far
12138,H,SP-C,C,SP-C_C4,SP-C_Ctrl_Final1,Rating,4,Mark.bmp,NA,Know,65,Close
12157,H,SP-C,C,SP-C_C4,SP-C_Ctrl_Final1,Rating,4,Adam.bmp,NA,Acc,46,Far
12158,H,SP-C,C,SP-C_C4,SP-C_Ctrl_Final1,Rating,4,Mark.bmp,NA,Acc,80,Close
12177,H,SP-C,C,SP-C_C4,SP-C_Ctrl_Final1,Rating,4,Adam.bmp,NA,Trust,60,Far
12178,H,SP-C,C,SP-C_C4,SP-C_Ctrl_Final1,Rating,4,Mark.bmp,NA,Trust,34,Close
12197,H,SP-C,C,SP-C_C4,SP-C_Ctrl_Final1,Rating,4,Adam.bmp,NA,Attract,68,Far
12198,H,SP-C,C,SP-C_C4,SP-C_Ctrl_Final1,Rating,4,Mark.bmp,NA,Attract,70,Close
12139,H,SP-C,C,SP-C_C5,SP-C_Ctrl_Final1,Rating,5,Adam.bmp,NA,Know,36,Close
12140,H,SP-C,C,SP-C_C5,SP-C_Ctrl_Final1,Rating,5,Mark.bmp,NA,Know,81,Far
12159,H,SP-C,C,SP-C_C5,SP-C_Ctrl_Final1,Rating,5,Adam.bmp,NA,Acc,35,Close
12160,H,SP-C,C,SP-C_C5,SP-C_Ctrl_Final1,Rating,5,Mark.bmp,NA,Acc,68,Far
12179,H,SP-C,C,SP-C_C5,SP-C_Ctrl_Final1,Rating,5,Adam.bmp,NA,Trust,38,Close
12180,H,SP-C,C,SP-C_C5,SP-C_Ctrl_Final1,Rating,5,Mark.bmp,NA,Trust,65,Far
12199,H,SP-C,C,SP-C_C5,SP-C_Ctrl_Final1,Rating,5,Adam.bmp,NA,Attract,35,Close
12200,H,SP-C,C,SP-C_C5,SP-C_Ctrl_Final1,Rating,5,Mark.bmp,NA,Attract,42,Far
12141,H,SP-C,C,SP-C_C6,SP-C_Ctrl_Final1,Rating,6,Adam.bmp,NA,Know,19,Far
12142,H,SP-C,C,SP-C_C6,SP-C_Ctrl_Final1,Rating,6,Mark.bmp,NA,Know,76,Close
12161,H,SP-C,C,SP-C_C6,SP-C_Ctrl_Final1,Rating,6,Adam.bmp,NA,Acc,18,Far
12162,H,SP-C,C,SP-C_C6,SP-C_Ctrl_Final1,Rating,6,Mark.bmp,NA,Acc,73,Close
12181,H,SP-C,C,SP-C_C6,SP-C_Ctrl_Final1,Rating,6,Adam.bmp,NA,Trust,35,Far
12182,H,SP-C,C,SP-C_C6,SP-C_Ctrl_Final1,Rating,6,Mark.bmp,NA,Trust,67,Close
12201,H,SP-C,C,SP-C_C6,SP-C_Ctrl_Final1,Rating,6,Adam.bmp,NA,Attract,68,Far
12202,H,SP-C,C,SP-C_C6,SP-C_Ctrl_Final1,Rating,6,Mark.bmp,NA,Attract,36,Close
12143,H,SP-C,C,SP-C_C7,SP-C_Ctrl_Final1,Rating,7,Adam.bmp,NA,Know,50,Close
12144,H,SP-C,C,SP-C_C7,SP-C_Ctrl_Final1,Rating,7,Mark.bmp,NA,Know,50,Far
12163,H,SP-C,C,SP-C_C7,SP-C_Ctrl_Final1,Rating,7,Adam.bmp,NA,Acc,55,Close
12164,H,SP-C,C,SP-C_C7,SP-C_Ctrl_Final1,Rating,7,Mark.bmp,NA,Acc,52,Far
12183,H,SP-C,C,SP-C_C7,SP-C_Ctrl_Final1,Rating,7,Adam.bmp,NA,Trust,50,Close
12184,H,SP-C,C,SP-C_C7,SP-C_Ctrl_Final1,Rating,7,Mark.bmp,NA,Trust,44,Far
12203,H,SP-C,C,SP-C_C7,SP-C_Ctrl_Final1,Rating,7,Adam.bmp,NA,Attract,50,Close
12204,H,SP-C,C,SP-C_C7,SP-C_Ctrl_Final1,Rating,7,Mark.bmp,NA,Attract,42,Far
12145,H,SP-C,C,SP-C_C8,SP-C_Ctrl_Final1,Rating,8,Adam.bmp,NA,Know,62,Far
12146,H,SP-C,C,SP-C_C8,SP-C_Ctrl_Final1,Rating,8,Mark.bmp,NA,Know,68,Close
12165,H,SP-C,C,SP-C_C8,SP-C_Ctrl_Final1,Rating,8,Adam.bmp,NA,Acc,65,Far
12166,H,SP-C,C,SP-C_C8,SP-C_Ctrl_Final1,Rating,8,Mark.bmp,NA,Acc,56,Close
12185,H,SP-C,C,SP-C_C8,SP-C_Ctrl_Final1,Rating,8,Adam.bmp,NA,Trust,59,Far
12186,H,SP-C,C,SP-C_C8,SP-C_Ctrl_Final1,Rating,8,Mark.bmp,NA,Trust,38,Close
12205,H,SP-C,C,SP-C_C8,SP-C_Ctrl_Final1,Rating,8,Adam.bmp,NA,Attract,15,Far
12206,H,SP-C,C,SP-C_C8,SP-C_Ctrl_Final1,Rating,8,Mark.bmp,NA,Attract,4,Close
12147,H,SP-C,C,SP-C_C9,SP-C_Ctrl_Final1,Rating,9,Adam.bmp,NA,Know,27,Close
12148,H,SP-C,C,SP-C_C9,SP-C_Ctrl_Final1,Rating,9,Mark.bmp,NA,Know,27,Far
12167,H,SP-C,C,SP-C_C9,SP-C_Ctrl_Final1,Rating,9,Adam.bmp,NA,Acc,35,Close
12168,H,SP-C,C,SP-C_C9,SP-C_Ctrl_Final1,Rating,9,Mark.bmp,NA,Acc,65,Far
12187,H,SP-C,C,SP-C_C9,SP-C_Ctrl_Final1,Rating,9,Adam.bmp,NA,Trust,19,Close
12188,H,SP-C,C,SP-C_C9,SP-C_Ctrl_Final1,Rating,9,Mark.bmp,NA,Trust,35,Far
12207,H,SP-C,C,SP-C_C9,SP-C_Ctrl_Final1,Rating,9,Adam.bmp,NA,Attract,27,Close
12208,H,SP-C,C,SP-C_C9,SP-C_Ctrl_Final1,Rating,9,Mark.bmp,NA,Attract,35,Far
8061,H,SP-C,L,SP-C_L1,SP-C_LB_Final1,Rating,1,Adam.bmp,2,Know,73,Close
8062,H,SP-C,L,SP-C_L1,SP-C_LB_Final1,Rating,1,Mark.bmp,1,Know,28,Far
8081,H,SP-C,L,SP-C_L1,SP-C_LB_Final1,Rating,1,Adam.bmp,1,Acc,64,Close
8082,H,SP-C,L,SP-C_L1,SP-C_LB_Final1,Rating,1,Mark.bmp,2,Acc,28,Far
8101,H,SP-C,L,SP-C_L1,SP-C_LB_Final1,Rating,1,Adam.bmp,2,Trust,73,Close
8102,H,SP-C,L,SP-C_L1,SP-C_LB_Final1,Rating,1,Mark.bmp,1,Trust,33,Far
8121,H,SP-C,L,SP-C_L1,SP-C_LB_Final1,Rating,1,Adam.bmp,2,Attract,50,Close
8122,H,SP-C,L,SP-C_L1,SP-C_LB_Final1,Rating,1,Mark.bmp,1,Attract,50,Far
8079,H,SP-C,L,SP-C_L10,SP-C_LB_Final1,Rating,10,Adam.bmp,1,Know,62,Far
8080,H,SP-C,L,SP-C_L10,SP-C_LB_Final1,Rating,10,Mark.bmp,2,Know,70,Close
8099,H,SP-C,L,SP-C_L10,SP-C_LB_Final1,Rating,10,Adam.bmp,1,Acc,70,Far
8100,H,SP-C,L,SP-C_L10,SP-C_LB_Final1,Rating,10,Mark.bmp,2,Acc,73,Close
8119,H,SP-C,L,SP-C_L10,SP-C_LB_Final1,Rating,10,Adam.bmp,1,Trust,78,Far
8120,H,SP-C,L,SP-C_L10,SP-C_LB_Final1,Rating,10,Mark.bmp,2,Trust,72,Close
8139,H,SP-C,L,SP-C_L10,SP-C_LB_Final1,Rating,10,Adam.bmp,1,Attract,72,Far
8140,H,SP-C,L,SP-C_L10,SP-C_LB_Final1,Rating,10,Mark.bmp,2,Attract,48,Close
8063,H,SP-C,L,SP-C_L2,SP-C_LB_Final1,Rating,2,Adam.bmp,2,Know,50,Far
8064,H,SP-C,L,SP-C_L2,SP-C_LB_Final1,Rating,2,Mark.bmp,1,Know,99,Close
8083,H,SP-C,L,SP-C_L2,SP-C_LB_Final1,Rating,2,Adam.bmp,1,Acc,50,Far
8084,H,SP-C,L,SP-C_L2,SP-C_LB_Final1,Rating,2,Mark.bmp,2,Acc,99,Close
8103,H,SP-C,L,SP-C_L2,SP-C_LB_Final1,Rating,2,Adam.bmp,2,Trust,50,Far
8104,H,SP-C,L,SP-C_L2,SP-C_LB_Final1,Rating,2,Mark.bmp,1,Trust,98,Close
8123,H,SP-C,L,SP-C_L2,SP-C_LB_Final1,Rating,2,Adam.bmp,1,Attract,96,Far
8124,H,SP-C,L,SP-C_L2,SP-C_LB_Final1,Rating,2,Mark.bmp,2,Attract,24,Close
8065,H,SP-C,L,SP-C_L3,SP-C_LB_Final1,Rating,3,Adam.bmp,2,Know,55,Close
8066,H,SP-C,L,SP-C_L3,SP-C_LB_Final1,Rating,3,Mark.bmp,1,Know,78,Far
8085,H,SP-C,L,SP-C_L3,SP-C_LB_Final1,Rating,3,Adam.bmp,2,Acc,59,Close
8086,H,SP-C,L,SP-C_L3,SP-C_LB_Final1,Rating,3,Mark.bmp,1,Acc,81,Far
8105,H,SP-C,L,SP-C_L3,SP-C_LB_Final1,Rating,3,Adam.bmp,2,Trust,76,Close
8106,H,SP-C,L,SP-C_L3,SP-C_LB_Final1,Rating,3,Mark.bmp,1,Trust,75,Far
8125,H,SP-C,L,SP-C_L3,SP-C_LB_Final1,Rating,3,Adam.bmp,2,Attract,64,Close
8126,H,SP-C,L,SP-C_L3,SP-C_LB_Final1,Rating,3,Mark.bmp,1,Attract,56,Far
8067,H,SP-C,L,SP-C_L4,SP-C_LB_Final1,Rating,4,Adam.bmp,1,Know,24,Far
8068,H,SP-C,L,SP-C_L4,SP-C_LB_Final1,Rating,4,Mark.bmp,2,Know,67,Close
8087,H,SP-C,L,SP-C_L4,SP-C_LB_Final1,Rating,4,Adam.bmp,1,Acc,50,Far
8088,H,SP-C,L,SP-C_L4,SP-C_LB_Final1,Rating,4,Mark.bmp,2,Acc,68,Close
8107,H,SP-C,L,SP-C_L4,SP-C_LB_Final1,Rating,4,Adam.bmp,2,Trust,50,Far
8108,H,SP-C,L,SP-C_L4,SP-C_LB_Final1,Rating,4,Mark.bmp,1,Trust,52,Close
8127,H,SP-C,L,SP-C_L4,SP-C_LB_Final1,Rating,4,Adam.bmp,1,Attract,65,Far
8128,H,SP-C,L,SP-C_L4,SP-C_LB_Final1,Rating,4,Mark.bmp,2,Attract,38,Close
8069,H,SP-C,L,SP-C_L5,SP-C_LB_Final1,Rating,5,Adam.bmp,2,Know,24,Close
8070,H,SP-C,L,SP-C_L5,SP-C_LB_Final1,Rating,5,Mark.bmp,1,Know,75,Far
8089,H,SP-C,L,SP-C_L5,SP-C_LB_Final1,Rating,5,Adam.bmp,2,Acc,33,Close
8090,H,SP-C,L,SP-C_L5,SP-C_LB_Final1,Rating,5,Mark.bmp,1,Acc,61,Far
8109,H,SP-C,L,SP-C_L5,SP-C_LB_Final1,Rating,5,Adam.bmp,2,Trust,41,Close
8110,H,SP-C,L,SP-C_L5,SP-C_LB_Final1,Rating,5,Mark.bmp,1,Trust,56,Far
8129,H,SP-C,L,SP-C_L5,SP-C_LB_Final1,Rating,5,Adam.bmp,1,Attract,72,Close
8130,H,SP-C,L,SP-C_L5,SP-C_LB_Final1,Rating,5,Mark.bmp,2,Attract,21,Far
8071,H,SP-C,L,SP-C_L6,SP-C_LB_Final1,Rating,6,Adam.bmp,1,Know,36,Far
8072,H,SP-C,L,SP-C_L6,SP-C_LB_Final1,Rating,6,Mark.bmp,2,Know,56,Close
8091,H,SP-C,L,SP-C_L6,SP-C_LB_Final1,Rating,6,Adam.bmp,1,Acc,73,Far
8092,H,SP-C,L,SP-C_L6,SP-C_LB_Final1,Rating,6,Mark.bmp,2,Acc,85,Close
8111,H,SP-C,L,SP-C_L6,SP-C_LB_Final1,Rating,6,Adam.bmp,2,Trust,61,Far
8112,H,SP-C,L,SP-C_L6,SP-C_LB_Final1,Rating,6,Mark.bmp,1,Trust,75,Close
8131,H,SP-C,L,SP-C_L6,SP-C_LB_Final1,Rating,6,Adam.bmp,2,Attract,67,Far
8132,H,SP-C,L,SP-C_L6,SP-C_LB_Final1,Rating,6,Mark.bmp,1,Attract,62,Close
8073,H,SP-C,L,SP-C_L7,SP-C_LB_Final1,Rating,7,Adam.bmp,1,Know,73,Close
8074,H,SP-C,L,SP-C_L7,SP-C_LB_Final1,Rating,7,Mark.bmp,2,Know,58,Far
8093,H,SP-C,L,SP-C_L7,SP-C_LB_Final1,Rating,7,Adam.bmp,1,Acc,58,Close
8094,H,SP-C,L,SP-C_L7,SP-C_LB_Final1,Rating,7,Mark.bmp,2,Acc,50,Far
8113,H,SP-C,L,SP-C_L7,SP-C_LB_Final1,Rating,7,Adam.bmp,2,Trust,65,Close
8114,H,SP-C,L,SP-C_L7,SP-C_LB_Final1,Rating,7,Mark.bmp,1,Trust,27,Far
8133,H,SP-C,L,SP-C_L7,SP-C_LB_Final1,Rating,7,Adam.bmp,1,Attract,65,Close
8134,H,SP-C,L,SP-C_L7,SP-C_LB_Final1,Rating,7,Mark.bmp,2,Attract,58,Far
8075,H,SP-C,L,SP-C_L8,SP-C_LB_Final1,Rating,8,Adam.bmp,2,Know,50,Far
8076,H,SP-C,L,SP-C_L8,SP-C_LB_Final1,Rating,8,Mark.bmp,1,Know,76,Close
8095,H,SP-C,L,SP-C_L8,SP-C_LB_Final1,Rating,8,Adam.bmp,2,Acc,50,Far
8096,H,SP-C,L,SP-C_L8,SP-C_LB_Final1,Rating,8,Mark.bmp,1,Acc,73,Close
8115,H,SP-C,L,SP-C_L8,SP-C_LB_Final1,Rating,8,Adam.bmp,1,Trust,44,Far
8116,H,SP-C,L,SP-C_L8,SP-C_LB_Final1,Rating,8,Mark.bmp,2,Trust,65,Close
8135,H,SP-C,L,SP-C_L8,SP-C_LB_Final1,Rating,8,Adam.bmp,1,Attract,58,Far
8136,H,SP-C,L,SP-C_L8,SP-C_LB_Final1,Rating,8,Mark.bmp,2,Attract,58,Close
8077,H,SP-C,L,SP-C_L9,SP-C_LB_Final1,Rating,9,Adam.bmp,2,Know,99,Close
8078,H,SP-C,L,SP-C_L9,SP-C_LB_Final1,Rating,9,Mark.bmp,1,Know,18,Far
8097,H,SP-C,L,SP-C_L9,SP-C_LB_Final1,Rating,9,Adam.bmp,2,Acc,87,Close
8098,H,SP-C,L,SP-C_L9,SP-C_LB_Final1,Rating,9,Mark.bmp,1,Acc,19,Far
8117,H,SP-C,L,SP-C_L9,SP-C_LB_Final1,Rating,9,Adam.bmp,1,Trust,99,Close
8118,H,SP-C,L,SP-C_L9,SP-C_LB_Final1,Rating,9,Mark.bmp,2,Trust,16,Far
8137,H,SP-C,L,SP-C_L9,SP-C_LB_Final1,Rating,9,Adam.bmp,1,Attract,47,Close
8138,H,SP-C,L,SP-C_L9,SP-C_LB_Final1,Rating,9,Mark.bmp,2,Attract,45,Far
3991,H,SP-C,R,SP-C_R1,SP-C_RB_Final1,Rating,1,Adam.bmp,2,Know,47,Close
3992,H,SP-C,R,SP-C_R1,SP-C_RB_Final1,Rating,1,Mark.bmp,1,Know,39,Far
4011,H,SP-C,R,SP-C_R1,SP-C_RB_Final1,Rating,1,Adam.bmp,2,Acc,55,Close
4012,H,SP-C,R,SP-C_R1,SP-C_RB_Final1,Rating,1,Mark.bmp,1,Acc,61,Far
4031,H,SP-C,R,SP-C_R1,SP-C_RB_Final1,Rating,1,Adam.bmp,1,Trust,52,Close
4032,H,SP-C,R,SP-C_R1,SP-C_RB_Final1,Rating,1,Mark.bmp,2,Trust,61,Far
4051,H,SP-C,R,SP-C_R1,SP-C_RB_Final1,Rating,1,Adam.bmp,2,Attract,59,Close
4052,H,SP-C,R,SP-C_R1,SP-C_RB_Final1,Rating,1,Mark.bmp,1,Attract,52,Far
4009,H,SP-C,R,SP-C_R10,SP-C_RB_Final1,Rating,10,Adam.bmp,1,Know,36,Far
4010,H,SP-C,R,SP-C_R10,SP-C_RB_Final1,Rating,10,Mark.bmp,2,Know,62,Close
4029,H,SP-C,R,SP-C_R10,SP-C_RB_Final1,Rating,10,Adam.bmp,1,Acc,64,Far
4030,H,SP-C,R,SP-C_R10,SP-C_RB_Final1,Rating,10,Mark.bmp,2,Acc,87,Close
4049,H,SP-C,R,SP-C_R10,SP-C_RB_Final1,Rating,10,Adam.bmp,1,Trust,64,Far
4050,H,SP-C,R,SP-C_R10,SP-C_RB_Final1,Rating,10,Mark.bmp,2,Trust,72,Close
4069,H,SP-C,R,SP-C_R10,SP-C_RB_Final1,Rating,10,Adam.bmp,1,Attract,50,Far
4070,H,SP-C,R,SP-C_R10,SP-C_RB_Final1,Rating,10,Mark.bmp,2,Attract,50,Close
3993,H,SP-C,R,SP-C_R2,SP-C_RB_Final1,Rating,2,Adam.bmp,2,Know,64,Far
3994,H,SP-C,R,SP-C_R2,SP-C_RB_Final1,Rating,2,Mark.bmp,1,Know,56,Close
4013,H,SP-C,R,SP-C_R2,SP-C_RB_Final1,Rating,2,Adam.bmp,2,Acc,87,Far
4014,H,SP-C,R,SP-C_R2,SP-C_RB_Final1,Rating,2,Mark.bmp,1,Acc,95,Close
4033,H,SP-C,R,SP-C_R2,SP-C_RB_Final1,Rating,2,Adam.bmp,2,Trust,75,Far
4034,H,SP-C,R,SP-C_R2,SP-C_RB_Final1,Rating,2,Mark.bmp,1,Trust,75,Close
4053,H,SP-C,R,SP-C_R2,SP-C_RB_Final1,Rating,2,Adam.bmp,1,Attract,68,Far
4054,H,SP-C,R,SP-C_R2,SP-C_RB_Final1,Rating,2,Mark.bmp,2,Attract,58,Close
3995,H,SP-C,R,SP-C_R3,SP-C_RB_Final1,Rating,3,Adam.bmp,2,Know,75,Close
3996,H,SP-C,R,SP-C_R3,SP-C_RB_Final1,Rating,3,Mark.bmp,1,Know,32,Far
4015,H,SP-C,R,SP-C_R3,SP-C_RB_Final1,Rating,3,Adam.bmp,2,Acc,73,Close
4016,H,SP-C,R,SP-C_R3,SP-C_RB_Final1,Rating,3,Mark.bmp,1,Acc,32,Far
4035,H,SP-C,R,SP-C_R3,SP-C_RB_Final1,Rating,3,Adam.bmp,2,Trust,99,Close
4036,H,SP-C,R,SP-C_R3,SP-C_RB_Final1,Rating,3,Mark.bmp,1,Trust,1,Far
4055,H,SP-C,R,SP-C_R3,SP-C_RB_Final1,Rating,3,Adam.bmp,2,Attract,59,Close
4056,H,SP-C,R,SP-C_R3,SP-C_RB_Final1,Rating,3,Mark.bmp,1,Attract,39,Far
3997,H,SP-C,R,SP-C_R4,SP-C_RB_Final1,Rating,4,Adam.bmp,2,Know,53,Far
3998,H,SP-C,R,SP-C_R4,SP-C_RB_Final1,Rating,4,Mark.bmp,1,Know,47,Close
4017,H,SP-C,R,SP-C_R4,SP-C_RB_Final1,Rating,4,Adam.bmp,2,Acc,72,Far
4018,H,SP-C,R,SP-C_R4,SP-C_RB_Final1,Rating,4,Mark.bmp,1,Acc,68,Close
4037,H,SP-C,R,SP-C_R4,SP-C_RB_Final1,Rating,4,Adam.bmp,2,Trust,61,Far
4038,H,SP-C,R,SP-C_R4,SP-C_RB_Final1,Rating,4,Mark.bmp,1,Trust,36,Close
4057,H,SP-C,R,SP-C_R4,SP-C_RB_Final1,Rating,4,Adam.bmp,2,Attract,32,Far
4058,H,SP-C,R,SP-C_R4,SP-C_RB_Final1,Rating,4,Mark.bmp,1,Attract,35,Close
3999,H,SP-C,R,SP-C_R5,SP-C_RB_Final1,Rating,5,Adam.bmp,2,Know,92,Close
4000,H,SP-C,R,SP-C_R5,SP-C_RB_Final1,Rating,5,Mark.bmp,1,Know,15,Far
4019,H,SP-C,R,SP-C_R5,SP-C_RB_Final1,Rating,5,Adam.bmp,2,Acc,88,Close
4020,H,SP-C,R,SP-C_R5,SP-C_RB_Final1,Rating,5,Mark.bmp,1,Acc,22,Far
4039,H,SP-C,R,SP-C_R5,SP-C_RB_Final1,Rating,5,Adam.bmp,2,Trust,87,Close
4040,H,SP-C,R,SP-C_R5,SP-C_RB_Final1,Rating,5,Mark.bmp,1,Trust,33,Far
4059,H,SP-C,R,SP-C_R5,SP-C_RB_Final1,Rating,5,Adam.bmp,1,Attract,42,Close
4060,H,SP-C,R,SP-C_R5,SP-C_RB_Final1,Rating,5,Mark.bmp,2,Attract,12,Far
4001,H,SP-C,R,SP-C_R6,SP-C_RB_Final1,Rating,6,Adam.bmp,1,Know,50,Far
4002,H,SP-C,R,SP-C_R6,SP-C_RB_Final1,Rating,6,Mark.bmp,2,Know,72,Close
4021,H,SP-C,R,SP-C_R6,SP-C_RB_Final1,Rating,6,Adam.bmp,1,Acc,64,Far
4022,H,SP-C,R,SP-C_R6,SP-C_RB_Final1,Rating,6,Mark.bmp,2,Acc,81,Close
4041,H,SP-C,R,SP-C_R6,SP-C_RB_Final1,Rating,6,Adam.bmp,2,Trust,67,Far
4042,H,SP-C,R,SP-C_R6,SP-C_RB_Final1,Rating,6,Mark.bmp,1,Trust,68,Close
4061,H,SP-C,R,SP-C_R6,SP-C_RB_Final1,Rating,6,Adam.bmp,2,Attract,55,Far
4062,H,SP-C,R,SP-C_R6,SP-C_RB_Final1,Rating,6,Mark.bmp,1,Attract,55,Close
4003,H,SP-C,R,SP-C_R7,SP-C_RB_Final1,Rating,7,Adam.bmp,2,Know,81,Close
4004,H,SP-C,R,SP-C_R7,SP-C_RB_Final1,Rating,7,Mark.bmp,1,Know,81,Far
4023,H,SP-C,R,SP-C_R7,SP-C_RB_Final1,Rating,7,Adam.bmp,1,Acc,65,Close
4024,H,SP-C,R,SP-C_R7,SP-C_RB_Final1,Rating,7,Mark.bmp,2,Acc,65,Far
4043,H,SP-C,R,SP-C_R7,SP-C_RB_Final1,Rating,7,Adam.bmp,1,Trust,50,Close
4044,H,SP-C,R,SP-C_R7,SP-C_RB_Final1,Rating,7,Mark.bmp,2,Trust,50,Far
4063,H,SP-C,R,SP-C_R7,SP-C_RB_Final1,Rating,7,Adam.bmp,1,Attract,58,Close
4064,H,SP-C,R,SP-C_R7,SP-C_RB_Final1,Rating,7,Mark.bmp,2,Attract,59,Far
4005,H,SP-C,R,SP-C_R8,SP-C_RB_Final1,Rating,8,Adam.bmp,1,Know,59,Far
4006,H,SP-C,R,SP-C_R8,SP-C_RB_Final1,Rating,8,Mark.bmp,2,Know,85,Close
4025,H,SP-C,R,SP-C_R8,SP-C_RB_Final1,Rating,8,Adam.bmp,1,Acc,41,Far
4026,H,SP-C,R,SP-C_R8,SP-C_RB_Final1,Rating,8,Mark.bmp,2,Acc,90,Close
4045,H,SP-C,R,SP-C_R8,SP-C_RB_Final1,Rating,8,Adam.bmp,1,Trust,36,Far
4046,H,SP-C,R,SP-C_R8,SP-C_RB_Final1,Rating,8,Mark.bmp,2,Trust,73,Close
4065,H,SP-C,R,SP-C_R8,SP-C_RB_Final1,Rating,8,Adam.bmp,1,Attract,45,Far
4066,H,SP-C,R,SP-C_R8,SP-C_RB_Final1,Rating,8,Mark.bmp,2,Attract,55,Close
4007,H,SP-C,R,SP-C_R9,SP-C_RB_Final1,Rating,9,Adam.bmp,2,Know,99,Close
4008,H,SP-C,R,SP-C_R9,SP-C_RB_Final1,Rating,9,Mark.bmp,1,Know,1,Far
4027,H,SP-C,R,SP-C_R9,SP-C_RB_Final1,Rating,9,Adam.bmp,2,Acc,92,Close
4028,H,SP-C,R,SP-C_R9,SP-C_RB_Final1,Rating,9,Mark.bmp,1,Acc,1,Far
4047,H,SP-C,R,SP-C_R9,SP-C_RB_Final1,Rating,9,Adam.bmp,2,Trust,99,Close
4048,H,SP-C,R,SP-C_R9,SP-C_RB_Final1,Rating,9,Mark.bmp,1,Trust,1,Far
4067,H,SP-C,R,SP-C_R9,SP-C_RB_Final1,Rating,9,Adam.bmp,2,Attract,42,Close
4068,H,SP-C,R,SP-C_R9,SP-C_RB_Final1,Rating,9,Mark.bmp,1,Attract,27,Far
15802,H,SP-R,L,SP-R_L1,SP-R_LB_Final1,Rating,1,Adam.bmp,2,Know,85,Close
15803,H,SP-R,L,SP-R_L1,SP-R_LB_Final1,Rating,1,Mark.bmp,1,Know,24,Far
15820,H,SP-R,L,SP-R_L1,SP-R_LB_Final1,Rating,1,Adam.bmp,1,Acc,90,Close
15821,H,SP-R,L,SP-R_L1,SP-R_LB_Final1,Rating,1,Mark.bmp,2,Acc,22,Far
15838,H,SP-R,L,SP-R_L1,SP-R_LB_Final1,Rating,1,Adam.bmp,1,Trust,88,Close
15839,H,SP-R,L,SP-R_L1,SP-R_LB_Final1,Rating,1,Mark.bmp,2,Trust,18,Far
15856,H,SP-R,L,SP-R_L1,SP-R_LB_Final1,Rating,1,Adam.bmp,2,Attract,16,Close
15857,H,SP-R,L,SP-R_L1,SP-R_LB_Final1,Rating,1,Mark.bmp,1,Attract,33,Far
15818,H,SP-R,L,SP-R_L10,SP-R_LB_Final1,Rating,10,Adam.bmp,1,Know,32,Far
15819,H,SP-R,L,SP-R_L10,SP-R_LB_Final1,Rating,10,Mark.bmp,2,Know,93,Close
15836,H,SP-R,L,SP-R_L10,SP-R_LB_Final1,Rating,10,Adam.bmp,2,Acc,45,Far
15837,H,SP-R,L,SP-R_L10,SP-R_LB_Final1,Rating,10,Mark.bmp,1,Acc,92,Close
15854,H,SP-R,L,SP-R_L10,SP-R_LB_Final1,Rating,10,Adam.bmp,2,Trust,12,Far
15855,H,SP-R,L,SP-R_L10,SP-R_LB_Final1,Rating,10,Mark.bmp,1,Trust,98,Close
15872,H,SP-R,L,SP-R_L10,SP-R_LB_Final1,Rating,10,Adam.bmp,2,Attract,30,Far
15873,H,SP-R,L,SP-R_L10,SP-R_LB_Final1,Rating,10,Mark.bmp,1,Attract,33,Close
15804,H,SP-R,L,SP-R_L2,SP-R_LB_Final1,Rating,2,Adam.bmp,1,Know,99,Far
15805,H,SP-R,L,SP-R_L2,SP-R_LB_Final1,Rating,2,Mark.bmp,2,Know,99,Close
15822,H,SP-R,L,SP-R_L2,SP-R_LB_Final1,Rating,2,Adam.bmp,2,Acc,88,Far
15823,H,SP-R,L,SP-R_L2,SP-R_LB_Final1,Rating,2,Mark.bmp,1,Acc,88,Close
15840,H,SP-R,L,SP-R_L2,SP-R_LB_Final1,Rating,2,Adam.bmp,2,Trust,98,Far
15841,H,SP-R,L,SP-R_L2,SP-R_LB_Final1,Rating,2,Mark.bmp,1,Trust,99,Close
15858,H,SP-R,L,SP-R_L2,SP-R_LB_Final1,Rating,2,Adam.bmp,2,Attract,16,Far
15859,H,SP-R,L,SP-R_L2,SP-R_LB_Final1,Rating,2,Mark.bmp,1,Attract,16,Close
15806,H,SP-R,L,SP-R_L3,SP-R_LB_Final1,Rating,3,Adam.bmp,2,Know,84,Close
15807,H,SP-R,L,SP-R_L3,SP-R_LB_Final1,Rating,3,Mark.bmp,1,Know,12,Far
15824,H,SP-R,L,SP-R_L3,SP-R_LB_Final1,Rating,3,Adam.bmp,2,Acc,87,Close
15825,H,SP-R,L,SP-R_L3,SP-R_LB_Final1,Rating,3,Mark.bmp,1,Acc,45,Far
15842,H,SP-R,L,SP-R_L3,SP-R_LB_Final1,Rating,3,Adam.bmp,2,Trust,72,Close
15843,H,SP-R,L,SP-R_L3,SP-R_LB_Final1,Rating,3,Mark.bmp,1,Trust,12,Far
15860,H,SP-R,L,SP-R_L3,SP-R_LB_Final1,Rating,3,Adam.bmp,2,Attract,50,Close
15861,H,SP-R,L,SP-R_L3,SP-R_LB_Final1,Rating,3,Mark.bmp,1,Attract,50,Far
15808,H,SP-R,L,SP-R_L4,SP-R_LB_Final1,Rating,4,Adam.bmp,2,Know,76,Far
15809,H,SP-R,L,SP-R_L4,SP-R_LB_Final1,Rating,4,Mark.bmp,1,Know,92,Close
15826,H,SP-R,L,SP-R_L4,SP-R_LB_Final1,Rating,4,Adam.bmp,1,Acc,72,Far
15827,H,SP-R,L,SP-R_L4,SP-R_LB_Final1,Rating,4,Mark.bmp,2,Acc,88,Close
15844,H,SP-R,L,SP-R_L4,SP-R_LB_Final1,Rating,4,Adam.bmp,2,Trust,50,Far
15845,H,SP-R,L,SP-R_L4,SP-R_LB_Final1,Rating,4,Mark.bmp,1,Trust,84,Close
15862,H,SP-R,L,SP-R_L4,SP-R_LB_Final1,Rating,4,Adam.bmp,2,Attract,68,Far
15863,H,SP-R,L,SP-R_L4,SP-R_LB_Final1,Rating,4,Mark.bmp,1,Attract,59,Close
15810,H,SP-R,L,SP-R_L6,SP-R_LB_Final1,Rating,6,Adam.bmp,2,Know,30,Far
15811,H,SP-R,L,SP-R_L6,SP-R_LB_Final1,Rating,6,Mark.bmp,1,Know,98,Close
15828,H,SP-R,L,SP-R_L6,SP-R_LB_Final1,Rating,6,Adam.bmp,1,Acc,27,Far
15829,H,SP-R,L,SP-R_L6,SP-R_LB_Final1,Rating,6,Mark.bmp,2,Acc,93,Close
15846,H,SP-R,L,SP-R_L6,SP-R_LB_Final1,Rating,6,Adam.bmp,2,Trust,8,Far
15847,H,SP-R,L,SP-R_L6,SP-R_LB_Final1,Rating,6,Mark.bmp,1,Trust,99,Close
15864,H,SP-R,L,SP-R_L6,SP-R_LB_Final1,Rating,6,Adam.bmp,1,Attract,30,Far
15865,H,SP-R,L,SP-R_L6,SP-R_LB_Final1,Rating,6,Mark.bmp,2,Attract,67,Close
15812,H,SP-R,L,SP-R_L7,SP-R_LB_Final1,Rating,7,Adam.bmp,2,Know,55,Close
15813,H,SP-R,L,SP-R_L7,SP-R_LB_Final1,Rating,7,Mark.bmp,1,Know,50,Far
15830,H,SP-R,L,SP-R_L7,SP-R_LB_Final1,Rating,7,Adam.bmp,1,Acc,61,Close
15831,H,SP-R,L,SP-R_L7,SP-R_LB_Final1,Rating,7,Mark.bmp,2,Acc,55,Far
15848,H,SP-R,L,SP-R_L7,SP-R_LB_Final1,Rating,7,Adam.bmp,2,Trust,56,Close
15849,H,SP-R,L,SP-R_L7,SP-R_LB_Final1,Rating,7,Mark.bmp,1,Trust,52,Far
15866,H,SP-R,L,SP-R_L7,SP-R_LB_Final1,Rating,7,Adam.bmp,2,Attract,53,Close
15867,H,SP-R,L,SP-R_L7,SP-R_LB_Final1,Rating,7,Mark.bmp,1,Attract,41,Far
15814,H,SP-R,L,SP-R_L8,SP-R_LB_Final1,Rating,8,Adam.bmp,2,Know,19,Far
15815,H,SP-R,L,SP-R_L8,SP-R_LB_Final1,Rating,8,Mark.bmp,1,Know,95,Close
15832,H,SP-R,L,SP-R_L8,SP-R_LB_Final1,Rating,8,Adam.bmp,1,Acc,35,Far
15833,H,SP-R,L,SP-R_L8,SP-R_LB_Final1,Rating,8,Mark.bmp,2,Acc,73,Close
15850,H,SP-R,L,SP-R_L8,SP-R_LB_Final1,Rating,8,Adam.bmp,2,Trust,27,Far
15851,H,SP-R,L,SP-R_L8,SP-R_LB_Final1,Rating,8,Mark.bmp,1,Trust,73,Close
15868,H,SP-R,L,SP-R_L8,SP-R_LB_Final1,Rating,8,Adam.bmp,2,Attract,1,Far
15869,H,SP-R,L,SP-R_L8,SP-R_LB_Final1,Rating,8,Mark.bmp,1,Attract,1,Close
15816,H,SP-R,L,SP-R_L9,SP-R_LB_Final1,Rating,9,Adam.bmp,2,Know,88,Close
15817,H,SP-R,L,SP-R_L9,SP-R_LB_Final1,Rating,9,Mark.bmp,1,Know,15,Far
15834,H,SP-R,L,SP-R_L9,SP-R_LB_Final1,Rating,9,Adam.bmp,1,Acc,90,Close
15835,H,SP-R,L,SP-R_L9,SP-R_LB_Final1,Rating,9,Mark.bmp,2,Acc,13,Far
15852,H,SP-R,L,SP-R_L9,SP-R_LB_Final1,Rating,9,Adam.bmp,1,Trust,82,Close
15853,H,SP-R,L,SP-R_L9,SP-R_LB_Final1,Rating,9,Mark.bmp,2,Trust,15,Far
15870,H,SP-R,L,SP-R_L9,SP-R_LB_Final1,Rating,9,Adam.bmp,1,Attract,50,Close
15871,H,SP-R,L,SP-R_L9,SP-R_LB_Final1,Rating,9,Mark.bmp,2,Attract,50,Far
19465,H,SP-R,R,SP-R_R1,SP-R_RB_Final1,Rating,1,Adam.bmp,1,Know,99,Close
19466,H,SP-R,R,SP-R_R1,SP-R_RB_Final1,Rating,1,Mark.bmp,2,Know,68,Far
19483,H,SP-R,R,SP-R_R1,SP-R_RB_Final1,Rating,1,Adam.bmp,2,Acc,99,Close
19484,H,SP-R,R,SP-R_R1,SP-R_RB_Final1,Rating,1,Mark.bmp,1,Acc,78,Far
19501,H,SP-R,R,SP-R_R1,SP-R_RB_Final1,Rating,1,Adam.bmp,1,Trust,99,Close
19502,H,SP-R,R,SP-R_R1,SP-R_RB_Final1,Rating,1,Mark.bmp,2,Trust,50,Far
19519,H,SP-R,R,SP-R_R1,SP-R_RB_Final1,Rating,1,Adam.bmp,2,Attract,52,Close
19520,H,SP-R,R,SP-R_R1,SP-R_RB_Final1,Rating,1,Mark.bmp,1,Attract,70,Far
19467,H,SP-R,R,SP-R_R2,SP-R_RB_Final1,Rating,2,Adam.bmp,1,Know,92,Far
19468,H,SP-R,R,SP-R_R2,SP-R_RB_Final1,Rating,2,Mark.bmp,2,Know,85,Close
19485,H,SP-R,R,SP-R_R2,SP-R_RB_Final1,Rating,2,Adam.bmp,1,Acc,92,Far
19486,H,SP-R,R,SP-R_R2,SP-R_RB_Final1,Rating,2,Mark.bmp,2,Acc,76,Close
19503,H,SP-R,R,SP-R_R2,SP-R_RB_Final1,Rating,2,Adam.bmp,1,Trust,87,Far
19504,H,SP-R,R,SP-R_R2,SP-R_RB_Final1,Rating,2,Mark.bmp,2,Trust,85,Close
19521,H,SP-R,R,SP-R_R2,SP-R_RB_Final1,Rating,2,Adam.bmp,1,Attract,72,Far
19522,H,SP-R,R,SP-R_R2,SP-R_RB_Final1,Rating,2,Mark.bmp,2,Attract,52,Close
19469,H,SP-R,R,SP-R_R3,SP-R_RB_Final1,Rating,3,Adam.bmp,2,Know,12,Close
19470,H,SP-R,R,SP-R_R3,SP-R_RB_Final1,Rating,3,Mark.bmp,1,Know,78,Far
19487,H,SP-R,R,SP-R_R3,SP-R_RB_Final1,Rating,3,Adam.bmp,1,Acc,38,Close
19488,H,SP-R,R,SP-R_R3,SP-R_RB_Final1,Rating,3,Mark.bmp,2,Acc,81,Far
19505,H,SP-R,R,SP-R_R3,SP-R_RB_Final1,Rating,3,Adam.bmp,2,Trust,48,Close
19506,H,SP-R,R,SP-R_R3,SP-R_RB_Final1,Rating,3,Mark.bmp,1,Trust,78,Far
19523,H,SP-R,R,SP-R_R3,SP-R_RB_Final1,Rating,3,Adam.bmp,1,Attract,50,Close
19524,H,SP-R,R,SP-R_R3,SP-R_RB_Final1,Rating,3,Mark.bmp,2,Attract,13,Far
19471,H,SP-R,R,SP-R_R4,SP-R_RB_Final1,Rating,4,Adam.bmp,1,Know,35,Far
19472,H,SP-R,R,SP-R_R4,SP-R_RB_Final1,Rating,4,Mark.bmp,2,Know,50,Close
19489,H,SP-R,R,SP-R_R4,SP-R_RB_Final1,Rating,4,Adam.bmp,1,Acc,42,Far
19490,H,SP-R,R,SP-R_R4,SP-R_RB_Final1,Rating,4,Mark.bmp,2,Acc,52,Close
19507,H,SP-R,R,SP-R_R4,SP-R_RB_Final1,Rating,4,Adam.bmp,1,Trust,47,Far
19508,H,SP-R,R,SP-R_R4,SP-R_RB_Final1,Rating,4,Mark.bmp,2,Trust,53,Close
19525,H,SP-R,R,SP-R_R4,SP-R_RB_Final1,Rating,4,Adam.bmp,1,Attract,47,Far
19526,H,SP-R,R,SP-R_R4,SP-R_RB_Final1,Rating,4,Mark.bmp,2,Attract,53,Close
19473,H,SP-R,R,SP-R_R5,SP-R_RB_Final1,Rating,5,Adam.bmp,2,Know,16,Close
19474,H,SP-R,R,SP-R_R5,SP-R_RB_Final1,Rating,5,Mark.bmp,1,Know,72,Far
19491,H,SP-R,R,SP-R_R5,SP-R_RB_Final1,Rating,5,Adam.bmp,1,Acc,81,Close
19492,H,SP-R,R,SP-R_R5,SP-R_RB_Final1,Rating,5,Mark.bmp,2,Acc,81,Far
19509,H,SP-R,R,SP-R_R5,SP-R_RB_Final1,Rating,5,Adam.bmp,2,Trust,27,Close
19510,H,SP-R,R,SP-R_R5,SP-R_RB_Final1,Rating,5,Mark.bmp,1,Trust,81,Far
19527,H,SP-R,R,SP-R_R5,SP-R_RB_Final1,Rating,5,Adam.bmp,2,Attract,50,Close
19528,H,SP-R,R,SP-R_R5,SP-R_RB_Final1,Rating,5,Mark.bmp,1,Attract,50,Far
19475,H,SP-R,R,SP-R_R6,SP-R_RB_Final1,Rating,6,Adam.bmp,1,Know,39,Far
19476,H,SP-R,R,SP-R_R6,SP-R_RB_Final1,Rating,6,Mark.bmp,2,Know,58,Close
19493,H,SP-R,R,SP-R_R6,SP-R_RB_Final1,Rating,6,Adam.bmp,2,Acc,50,Far
19494,H,SP-R,R,SP-R_R6,SP-R_RB_Final1,Rating,6,Mark.bmp,1,Acc,62,Close
19511,H,SP-R,R,SP-R_R6,SP-R_RB_Final1,Rating,6,Adam.bmp,1,Trust,45,Far
19512,H,SP-R,R,SP-R_R6,SP-R_RB_Final1,Rating,6,Mark.bmp,2,Trust,56,Close
19529,H,SP-R,R,SP-R_R6,SP-R_RB_Final1,Rating,6,Adam.bmp,2,Attract,7,Far
19530,H,SP-R,R,SP-R_R6,SP-R_RB_Final1,Rating,6,Mark.bmp,1,Attract,1,Close
19477,H,SP-R,R,SP-R_R7,SP-R_RB_Final1,Rating,7,Adam.bmp,1,Know,68,Close
19478,H,SP-R,R,SP-R_R7,SP-R_RB_Final1,Rating,7,Mark.bmp,2,Know,67,Far
19495,H,SP-R,R,SP-R_R7,SP-R_RB_Final1,Rating,7,Adam.bmp,2,Acc,72,Close
19496,H,SP-R,R,SP-R_R7,SP-R_RB_Final1,Rating,7,Mark.bmp,1,Acc,65,Far
19513,H,SP-R,R,SP-R_R7,SP-R_RB_Final1,Rating,7,Adam.bmp,2,Trust,68,Close
19514,H,SP-R,R,SP-R_R7,SP-R_RB_Final1,Rating,7,Mark.bmp,1,Trust,67,Far
19531,H,SP-R,R,SP-R_R7,SP-R_RB_Final1,Rating,7,Adam.bmp,1,Attract,75,Close
19532,H,SP-R,R,SP-R_R7,SP-R_RB_Final1,Rating,7,Mark.bmp,2,Attract,67,Far
19479,H,SP-R,R,SP-R_R8,SP-R_RB_Final1,Rating,8,Adam.bmp,2,Know,59,Far
19480,H,SP-R,R,SP-R_R8,SP-R_RB_Final1,Rating,8,Mark.bmp,1,Know,64,Close
19497,H,SP-R,R,SP-R_R8,SP-R_RB_Final1,Rating,8,Adam.bmp,2,Acc,67,Far
19498,H,SP-R,R,SP-R_R8,SP-R_RB_Final1,Rating,8,Mark.bmp,1,Acc,59,Close
19515,H,SP-R,R,SP-R_R8,SP-R_RB_Final1,Rating,8,Adam.bmp,2,Trust,55,Far
19516,H,SP-R,R,SP-R_R8,SP-R_RB_Final1,Rating,8,Mark.bmp,1,Trust,52,Close
19533,H,SP-R,R,SP-R_R8,SP-R_RB_Final1,Rating,8,Adam.bmp,2,Attract,50,Far
19534,H,SP-R,R,SP-R_R8,SP-R_RB_Final1,Rating,8,Mark.bmp,1,Attract,48,Close
19481,H,SP-R,R,SP-R_R9,SP-R_RB_Final1,Rating,9,Adam.bmp,1,Know,68,Close
19482,H,SP-R,R,SP-R_R9,SP-R_RB_Final1,Rating,9,Mark.bmp,2,Know,67,Far
19499,H,SP-R,R,SP-R_R9,SP-R_RB_Final1,Rating,9,Adam.bmp,2,Acc,50,Close
19500,H,SP-R,R,SP-R_R9,SP-R_RB_Final1,Rating,9,Mark.bmp,1,Acc,50,Far
19517,H,SP-R,R,SP-R_R9,SP-R_RB_Final1,Rating,9,Adam.bmp,2,Trust,68,Close
19518,H,SP-R,R,SP-R_R9,SP-R_RB_Final1,Rating,9,Mark.bmp,1,Trust,68,Far
19535,H,SP-R,R,SP-R_R9,SP-R_RB_Final1,Rating,9,Adam.bmp,1,Attract,50,Close
19536,H,SP-R,R,SP-R_R9,SP-R_RB_Final1,Rating,9,Mark.bmp,2,Attract,50,Far
23526,H,SP-R,C,SP-R_C1,SP-R_Ctrl_Final1,Rating,1,Adam.bmp,3,Knowledge,70,Close
23527,H,SP-R,C,SP-R_C1,SP-R_Ctrl_Final1,Rating,1,Mark.bmp,3,Knowledge,30,Far
23528,H,SP-R,C,SP-R_C2,SP-R_Ctrl_Final1,Rating,2,NA,3,Knowledge,NA,NA
23529,H,SP-R,C,SP-R_C2,SP-R_Ctrl_Final1,Rating,2,NA,3,Knowledge,NA,NA
23530,H,SP-R,C,SP-R_C3,SP-R_Ctrl_Final1,Rating,3,Adam.bmp,3,Knowledge,50,Close
23531,H,SP-R,C,SP-R_C3,SP-R_Ctrl_Final1,Rating,3,Mark.bmp,3,Knowledge,50,Far
23532,H,SP-R,C,SP-R_C4,SP-R_Ctrl_Final1,Rating,4,Adam.bmp,3,Knowledge,36,Far
23533,H,SP-R,C,SP-R_C4,SP-R_Ctrl_Final1,Rating,4,Mark.bmp,3,Knowledge,68,Close
23534,H,SP-R,C,SP-R_C5,SP-R_Ctrl_Final1,Rating,5,Adam.bmp,3,Knowledge,84,Close
23535,H,SP-R,C,SP-R_C5,SP-R_Ctrl_Final1,Rating,5,Mark.bmp,3,Knowledge,24,Far
23536,H,SP-R,C,SP-R_C6,SP-R_Ctrl_Final1,Rating,6,Adam.bmp,3,Knowledge,99,Far
23537,H,SP-R,C,SP-R_C6,SP-R_Ctrl_Final1,Rating,6,Mark.bmp,3,Knowledge,99,Close
23538,H,SP-R,C,SP-R_C7,SP-R_Ctrl_Final1,Rating,7,Adam.bmp,3,Knowledge,39,Close
23539,H,SP-R,C,SP-R_C7,SP-R_Ctrl_Final1,Rating,7,Mark.bmp,3,Knowledge,35,Far
23540,H,SP-R,C,SP-R_C8,SP-R_Ctrl_Final1,Rating,8,Adam.bmp,3,Knowledge,28,Far
23541,H,SP-R,C,SP-R_C8,SP-R_Ctrl_Final1,Rating,8,Mark.bmp,3,Knowledge,25,Close
23542,H,SP-R,C,SP-R_C9,SP-R_Ctrl_Final1,Rating,9,Adam.bmp,3,Knowledge,65,Close
23543,H,SP-R,C,SP-R_C9,SP-R_Ctrl_Final1,Rating,9,Mark.bmp,3,Knowledge,13,Far
23544,H,SP-R,C,SP-R_C10,SP-R_Ctrl_Final1,Rating,10,Adam.bmp,3,Knowledge,45,Far
23545,H,SP-R,C,SP-R_C10,SP-R_Ctrl_Final1,Rating,10,Mark.bmp,3,Knowledge,65,Close
23546,H,SP-R,C,SP-R_C1,SP-R_Ctrl_Final1,Rating,1,Adam.bmp,4,Acc,77,Close
23547,H,SP-R,C,SP-R_C1,SP-R_Ctrl_Final1,Rating,1,Mark.bmp,4,Acc,38,Far
23548,H,SP-R,C,SP-R_C2,SP-R_Ctrl_Final1,Rating,2,NA,4,Acc,NA,NA
23549,H,SP-R,C,SP-R_C2,SP-R_Ctrl_Final1,Rating,2,NA,4,Acc,NA,NA
23550,H,SP-R,C,SP-R_C3,SP-R_Ctrl_Final1,Rating,3,Adam.bmp,4,Acc,77,Close
23551,H,SP-R,C,SP-R_C3,SP-R_Ctrl_Final1,Rating,3,Mark.bmp,4,Acc,76,Far
23552,H,SP-R,C,SP-R_C4,SP-R_Ctrl_Final1,Rating,4,Adam.bmp,4,Acc,56,Far
23553,H,SP-R,C,SP-R_C4,SP-R_Ctrl_Final1,Rating,4,Mark.bmp,4,Acc,73,Close
23554,H,SP-R,C,SP-R_C5,SP-R_Ctrl_Final1,Rating,5,Adam.bmp,4,Acc,85,Close
23555,H,SP-R,C,SP-R_C5,SP-R_Ctrl_Final1,Rating,5,Mark.bmp,4,Acc,61,Far
23556,H,SP-R,C,SP-R_C6,SP-R_Ctrl_Final1,Rating,6,Adam.bmp,4,Acc,99,Far
23557,H,SP-R,C,SP-R_C6,SP-R_Ctrl_Final1,Rating,6,Mark.bmp,4,Acc,99,Close
23558,H,SP-R,C,SP-R_C7,SP-R_Ctrl_Final1,Rating,7,Adam.bmp,4,Acc,50,Close
23559,H,SP-R,C,SP-R_C7,SP-R_Ctrl_Final1,Rating,7,Mark.bmp,4,Acc,59,Far
23560,H,SP-R,C,SP-R_C8,SP-R_Ctrl_Final1,Rating,8,Adam.bmp,4,Acc,38,Far
23561,H,SP-R,C,SP-R_C8,SP-R_Ctrl_Final1,Rating,8,Mark.bmp,4,Acc,59,Close
23562,H,SP-R,C,SP-R_C9,SP-R_Ctrl_Final1,Rating,9,Adam.bmp,4,Acc,72,Close
23563,H,SP-R,C,SP-R_C9,SP-R_Ctrl_Final1,Rating,9,Mark.bmp,4,Acc,22,Far
23564,H,SP-R,C,SP-R_C10,SP-R_Ctrl_Final1,Rating,10,Adam.bmp,4,Acc,39,Far
23565,H,SP-R,C,SP-R_C10,SP-R_Ctrl_Final1,Rating,10,Mark.bmp,4,Acc,70,Close
23566,H,SP-R,C,SP-R_C1,SP-R_Ctrl_Final1,Rating,1,Adam.bmp,5,Trust,79,Close
23567,H,SP-R,C,SP-R_C1,SP-R_Ctrl_Final1,Rating,1,Mark.bmp,5,Trust,25,Far
23568,H,SP-R,C,SP-R_C2,SP-R_Ctrl_Final1,Rating,2,NA,5,Trust,NA,NA
23569,H,SP-R,C,SP-R_C2,SP-R_Ctrl_Final1,Rating,2,NA,5,Trust,NA,NA
23570,H,SP-R,C,SP-R_C3,SP-R_Ctrl_Final1,Rating,3,Adam.bmp,5,Trust,68,Close
23571,H,SP-R,C,SP-R_C3,SP-R_Ctrl_Final1,Rating,3,Mark.bmp,5,Trust,41,Far
23572,H,SP-R,C,SP-R_C4,SP-R_Ctrl_Final1,Rating,4,Adam.bmp,5,Trust,36,Far
23573,H,SP-R,C,SP-R_C4,SP-R_Ctrl_Final1,Rating,4,Mark.bmp,5,Trust,59,Close
23574,H,SP-R,C,SP-R_C5,SP-R_Ctrl_Final1,Rating,5,Adam.bmp,5,Trust,87,Close
23575,H,SP-R,C,SP-R_C5,SP-R_Ctrl_Final1,Rating,5,Mark.bmp,5,Trust,21,Far
23576,H,SP-R,C,SP-R_C6,SP-R_Ctrl_Final1,Rating,6,Adam.bmp,5,Trust,99,Far
23577,H,SP-R,C,SP-R_C6,SP-R_Ctrl_Final1,Rating,6,Mark.bmp,5,Trust,99,Close
23578,H,SP-R,C,SP-R_C7,SP-R_Ctrl_Final1,Rating,7,Adam.bmp,5,Trust,39,Close
23579,H,SP-R,C,SP-R_C7,SP-R_Ctrl_Final1,Rating,7,Mark.bmp,5,Trust,59,Far
23580,H,SP-R,C,SP-R_C8,SP-R_Ctrl_Final1,Rating,8,Adam.bmp,5,Trust,35,Far
23581,H,SP-R,C,SP-R_C8,SP-R_Ctrl_Final1,Rating,8,Mark.bmp,5,Trust,27,Close
23582,H,SP-R,C,SP-R_C9,SP-R_Ctrl_Final1,Rating,9,Adam.bmp,5,Trust,76,Close
23583,H,SP-R,C,SP-R_C9,SP-R_Ctrl_Final1,Rating,9,Mark.bmp,5,Trust,12,Far
23584,H,SP-R,C,SP-R_C10,SP-R_Ctrl_Final1,Rating,10,Adam.bmp,5,Trust,36,Far
23585,H,SP-R,C,SP-R_C10,SP-R_Ctrl_Final1,Rating,10,Mark.bmp,5,Trust,68,Close
23586,H,SP-R,C,SP-R_C1,SP-R_Ctrl_Final1,Rating,1,Adam.bmp,6,Attract,58,Close
23587,H,SP-R,C,SP-R_C1,SP-R_Ctrl_Final1,Rating,1,Mark.bmp,6,Attract,42,Far
23588,H,SP-R,C,SP-R_C2,SP-R_Ctrl_Final1,Rating,2,NA,6,Attract,NA,NA
23589,H,SP-R,C,SP-R_C2,SP-R_Ctrl_Final1,Rating,2,NA,6,Attract,NA,NA
23590,H,SP-R,C,SP-R_C3,SP-R_Ctrl_Final1,Rating,3,Adam.bmp,6,Attract,51,Close
23591,H,SP-R,C,SP-R_C3,SP-R_Ctrl_Final1,Rating,3,Mark.bmp,6,Attract,66,Far
23592,H,SP-R,C,SP-R_C4,SP-R_Ctrl_Final1,Rating,4,Adam.bmp,6,Attract,21,Far
23593,H,SP-R,C,SP-R_C4,SP-R_Ctrl_Final1,Rating,4,Mark.bmp,6,Attract,50,Close
23594,H,SP-R,C,SP-R_C5,SP-R_Ctrl_Final1,Rating,5,Adam.bmp,6,Attract,73,Close
23595,H,SP-R,C,SP-R_C5,SP-R_Ctrl_Final1,Rating,5,Mark.bmp,6,Attract,19,Far
23596,H,SP-R,C,SP-R_C6,SP-R_Ctrl_Final1,Rating,6,Adam.bmp,6,Attract,42,Far
23597,H,SP-R,C,SP-R_C6,SP-R_Ctrl_Final1,Rating,6,Mark.bmp,6,Attract,35,Close
23598,H,SP-R,C,SP-R_C7,SP-R_Ctrl_Final1,Rating,7,Adam.bmp,6,Attract,1,Close
23599,H,SP-R,C,SP-R_C7,SP-R_Ctrl_Final1,Rating,7,Mark.bmp,6,Attract,1,Far
23600,H,SP-R,C,SP-R_C8,SP-R_Ctrl_Final1,Rating,8,Adam.bmp,6,Attract,27,Far
23601,H,SP-R,C,SP-R_C8,SP-R_Ctrl_Final1,Rating,8,Mark.bmp,6,Attract,35,Close
23602,H,SP-R,C,SP-R_C9,SP-R_Ctrl_Final1,Rating,9,Adam.bmp,6,Attract,22,Close
23603,H,SP-R,C,SP-R_C9,SP-R_Ctrl_Final1,Rating,9,Mark.bmp,6,Attract,68,Far
23604,H,SP-R,C,SP-R_C10,SP-R_Ctrl_Final1,Rating,10,Adam.bmp,6,Attract,53,Far
23605,H,SP-R,C,SP-R_C10,SP-R_Ctrl_Final1,Rating,10,Mark.bmp,6,Attract,21,Close
